<?xml version="1.0" encoding="UTF-8"?>
<project-private xmlns="http://www.netbeans.org/ns/project-private/1">
    <editor-bookmarks xmlns="http://www.netbeans.org/ns/editor-bookmarks/2" lastBookmarkId="0"/>
    <open-files xmlns="http://www.netbeans.org/ns/projectui-open-files/2">
        <group>
            <file>file:/C:/Documents%20and%20Settings/Admin/My%20Documents/NetBeansProjects/nkpos/src/nkpos/Nkpos.java</file>
            <file>file:/C:/Documents%20and%20Settings/Admin/My%20Documents/NetBeansProjects/nkpos/src/forms_pos/Pos.java</file>
            <file>file:/C:/Documents%20and%20Settings/Admin/My%20Documents/NetBeansProjects/nkpos/src/terminal_pos/Terminal.java</file>
            <file>file:/C:/Documents%20and%20Settings/Admin/My%20Documents/NetBeansProjects/nkpos/src/terminal_pos/TerminalPanel.java</file>
            <file>file:/C:/Documents%20and%20Settings/Admin/My%20Documents/NetBeansProjects/nkpos/src/forms_pos/Prijava.java</file>
            <file>file:/C:/Documents%20and%20Settings/Admin/My%20Documents/NetBeansProjects/nkpos/src/konekcija/konekcija.java</file>
        </group>
    </open-files>
</project-private>
